node_id,chain_id,residue_name,residue_number,grau,degree_centrality,closeness,eigenvector,pagerank,betweenness,x,y,z
203,B,GLY,64,16,0.028021015761821366,0.1517406324740898,0.26995061099568274,0.0024182579577642998,0.0066372015252355,-5.126999855041504,-2.306999921798706,-2.624000072479248
163,B,GLY,24,16,0.028021015761821366,0.15069939297967802,0.26098819050004074,0.0024362702993988867,0.00596006484148214,-7.188000202178955,-2.2780001163482666,1.0729999542236328
164,B,GLY,25,15,0.02626970227670753,0.15105820105820106,0.25823475349266695,0.002277965972349742,0.003182269981720497,-7.776000022888184,0.640999972820282,-1.3250000476837158
200,B,LYS,61,17,0.0297723292469352,0.15073917634635692,0.2550017279295893,0.0026305684894372006,0.006132500221514612,-7.828000068664551,0.8870000243186951,-5.454999923706055
204,B,LYS,65,14,0.024518388791593695,0.14140663694898464,0.2259487512095616,0.002183516119824382,0.0010431018299253483,-7.922999858856201,-4.882999897003174,-2.953000068664551
167,B,LEU,28,13,0.02276707530647986,0.1697384066587396,0.2045287533530597,0.001997093042934039,0.01972460378170207,-2.614000082015991,1.4980000257492065,-0.04800000041723251
165,B,GLU,26,12,0.021015761821366025,0.15985442329227323,0.2002605194771215,0.0018600684208432638,0.007334907142047213,-7.7129998207092285,3.117000102996826,1.5820000171661377
162,B,VAL,23,14,0.024518388791593695,0.15861111111111112,0.19806668050436332,0.002222887783015213,0.02280080026702863,-9.949000358581543,-0.972000002861023,3.4189999103546143
160,B,ASP,21,12,0.021015761821366025,0.1414767096134787,0.19406811030995583,0.0019257586124178199,0.0010001546620112271,-11.659000396728516,-4.311999797821045,-0.8769999742507935
168,B,GLY,29,13,0.02276707530647986,0.16258542141230067,0.18853832479717045,0.0020174593504302995,0.009312968245250646,-3.700000047683716,5.0370001792907715,-1.0820000171661377
202,B,HIS,63,11,0.01926444833625219,0.14835022083658092,0.1876542026331842,0.00176244228824171,0.0017834889456408178,-4.039999961853027,-3.1760001182556152,-6.1519999504089355
199,B,VAL,60,14,0.024518388791593695,0.1488141777430284,0.18409595283915584,0.002266171083029464,0.004424103488173573,-4.4039998054504395,2.065000057220459,-6.577000141143799
166,B,ALA,27,13,0.02276707530647986,0.17054958183990443,0.18245919753121337,0.001995452995347689,0.014683442562147875,-4.583000183105469,1.6990000009536743,3.184999942779541
207,B,LEU,68,12,0.021015761821366025,0.14573762123532413,0.16007601259854387,0.001959957091533823,0.003773624816242381,-5.302000045776367,-6.742000102996826,1.4589999914169312
161,B,GLU,22,9,0.01576182136602452,0.1416521954849913,0.15375892988807333,0.0015016724418268662,0.0005151932538259049,-12.447999954223633,-0.8500000238418579,0.5490000247955322
205,B,LYS,66,10,0.017513134851138354,0.1358876725368872,0.15217833994476046,0.0016472080112153787,0.0007698343926721634,-5.435999870300293,-7.5370001792907715,-4.085999965667725
201,B,ALA,62,9,0.01576182136602452,0.13338005138986217,0.14622077588272608,0.0015132551825947046,0.0003118635185430842,-7.513000011444092,-2.3559999465942383,-7.461999893188477
194,B,MET,55,12,0.021015761821366025,0.15137857900318133,0.1405247462061677,0.0019844051398672288,0.0038226308813649,-7.035999774932861,8.052000045776367,-3.2320001125335693
206,B,VAL,67,9,0.01576182136602452,0.14112703905091448,0.12949227997569285,0.0015177881433986538,0.0015673537024821597,-2.86299991607666,-6.781000137329102,-1.437999963760376
159,B,VAL,20,10,0.017513134851138354,0.1424295335495136,0.1268781129802094,0.0017203118049689912,0.001776514952589003,-11.336999893188477,-5.900000095367432,2.5439999103546143
